error_code,model_id или Все,Расшифровка,Вероятная причина,Решается удалённо?,Требуемая компетенция,Типовая запчасть,Что делать,Источник / руководство
Internal Error 00,MOD-001,Отказ главного двигателя,"Двигатель, кабель или плата управления",Нет,Принтеры L3,Главный двигатель / плата управления,Выключить и включить. Если ошибка повторяется — проверить разъёмы двигателя; далее сервисная диагностика и замена двигателя/платы.,https://www.scribd.com/document/854238137/Pantum-M6200-M6500-Series-Service-Manual
Internal Error 01,MOD-001,Ошибка двигателя лазерного блока LSU,LSU или его подключение,Нет,Принтеры L3,Лазерный блок LSU,"Перезапустить. При повторе проверить кабель LSU, затем заменить LSU; плату управления менять после исключения LSU.",https://www.scribd.com/document/854238137/Pantum-M6200-M6500-Series-Service-Manual
Internal Error 02,MOD-001,Нарушена синхронизация LSU,Нет сигнала синхронизации лазерного блока,Нет,Принтеры L3,Плата управления / LSU,Перезапустить устройство. При устойчивой ошибке выполнить сервисную проверку LSU и платы управления.,https://www.scribd.com/document/854238137/Pantum-M6200-M6500-Series-Service-Manual
Internal Error 03–12,MOD-001,Ненормальный нагрев узла закрепления,"Печка, термодатчик, кабель или плата",Нет,Принтеры L3,Узел закрепления (печка),Обесточить и дать остыть. Не сбрасывать многократно. Проверить соединения печки; при повторе заменить узел закрепления или плату.,https://www.scribd.com/document/854238137/Pantum-M6200-M6500-Series-Service-Manual
Internal Error 11,MOD-001,Сбой самотеста сканера,"Шлейф, сканирующая головка, датчик оригинала или плата",Нет,Принтеры L2,Сканирующий блок / шлейф,"Перезапустить; проверить, не заблокирована ли каретка. При повторе проверить шлейф и сканирующий блок.",https://www.scribd.com/document/854238137/Pantum-M6200-M6500-Series-Service-Manual
Internal Error 12,MOD-001,Ошибка определения исходного положения сканера,Каретка не достигает датчика Home,Нет,Принтеры L2,Датчик Home / сканирующий блок,"Убрать препятствия, перезапустить. Если каретка не позиционируется — сервисная проверка датчика, шлейфа и головки.",https://www.scribd.com/document/854238137/Pantum-M6200-M6500-Series-Service-Manual
Internal Error 13,MOD-001,Ошибка чёрной метки сканера,Загрязнение/неисправность калибровочной метки или сканера,Зависит,Принтеры L2,Сканирующий блок,"Очистить стекло и калибровочную область, перезапустить. При повторе — проверить головку, датчик и плату.",https://www.scribd.com/document/854238137/Pantum-M6200-M6500-Series-Service-Manual
Communication Error 27,MOD-001,Ошибка Wi‑Fi,Беспроводная сеть недоступна либо проблема антенны/платы,Да,Диагностика ПО,Wi‑Fi антенна / плата,"Проверить, включён ли Wi‑Fi, SSID/пароль и доступность сети; перезапустить роутер и МФУ. Если сеть не видна — сервис.",https://www.scribd.com/document/854238137/Pantum-M6200-M6500-Series-Service-Manual
Paper Jam / Feed Jam,MOD-001,Замятие бумаги,"Посторонний предмет, влажная бумага, износ роликов",Зависит,Принтеры L1,Ролики подачи / тормозная площадка,"Открыть крышки по инструкции, аккуратно удалить бумагу целиком, проверить обрывки и направляющие; при повторах очистить/заменить ролики.",https://www.scribd.com/document/854238137/Pantum-M6200-M6500-Series-Service-Manual
Call service C6000,MOD-002,Ошибка нагрева узла закрепления,"Нагреватель, термистор, термопредохранитель или питание печки",Нет,Принтеры L3,Узел закрепления,Выключить и не продолжать печать. После остывания проверить печку и питание; сброс выполнять только после устранения причины.,https://www.kyoceradocumentsolutions.co.uk/en/support/downloads.name-L2diL2VuL21mcC9FQ09TWVNNMjEzNURO.html
Call service C3100,MOD-002,Ошибка сканирующей каретки,"Каретка, двигатель/ремень, датчик Home или шлейф",Нет,Принтеры L2,Сканирующий блок / двигатель,"Снять блокировку сканера, убрать препятствия, перезапустить. При повторе проверить привод и датчик исходного положения.",https://www.kyoceradocumentsolutions.co.uk/en/support/downloads.name-L2diL2VuL21mcC9FQ09TWVNNMjEzNURO.html
Call service 0100,MOD-002,Ошибка резервной памяти,Неисправна flash-память или main/engine PWB,Нет,Принтеры L3,Главная плата,Перезапустить и проверить версию прошивки. При повторе сохранить сервисный лог и заменить/перепрограммировать главную плату.,https://www.kyoceradocumentsolutions.co.uk/en/support/downloads.name-L2diL2VuL21mcC9FQ09TWVNNMjEzNURO.html
Paper jam,MOD-002,Замятие бумаги,"Бумага застряла в указанной зоне, загрязнены или изношены ролики",Зависит,Принтеры L1,Ролики подачи / узел регистрации,"Удалить бумагу в указанной на дисплее зоне, проверить обрывки. При повторяющейся точке замятия очистить и проверить ролики/датчики.",https://www.kyoceradocumentsolutions.co.uk/en/support/downloads.name-L2diL2VuL21mcC9FQ09TWVNNMjEzNURO.html
Add toner / Replace toner,MOD-002,Тонер закончился или картридж не распознан,Пустой/неустановленный контейнер тонера,Да,Принтеры L1,Тонер-контейнер,Встряхнуть и переустановить контейнер; если сообщение остаётся — заменить на подходящий тонер и проверить привод подачи.,https://www.kyoceradocumentsolutions.co.uk/en/support/downloads.name-L2diL2VuL21mcC9FQ09TWVNNMjEzNURO.html
Replace MK,MOD-002,Ресурс комплекта обслуживания исчерпан,Достигнут счётчик maintenance kit,Нет,Принтеры L2,Maintenance Kit,Запланировать замену комплекта обслуживания; после физической замены сбросить счётчик сервисной процедурой.,https://www.kyoceradocumentsolutions.co.uk/en/support/downloads.name-L2diL2VuL21mcC9FQ09TWVNNMjEzNURO.html
Send error ####,MOD-002,Ошибка отправки скана,"DNS/SMTP/SMB, учётные данные, порт или сеть",Да,Диагностика ПО,,"Записать 4‑значный подкод, проверить сеть, DNS, время, адрес сервера и учётные данные; затем повторить отправку.",https://www.kyoceradocumentsolutions.co.uk/en/support/downloads.name-L2diL2VuL21mcC9FQ09TWVNNMjEzNURO.html
13.xx.yy,MOD-003,Замятие бумаги,"Лист застрял в тракте, изношены ролики или датчик",Зависит,Принтеры L1,Ролики / датчик бумаги,"Следовать схеме зоны замятия на дисплее, удалить лист по ходу движения, проверить остатки; при повторе зафиксировать полный подкод.",https://support.hp.com/gb-en/product/setup-user-guides/hp-laserjet-pro-mfp-4101-4104dw-fdn-fdw-printer-series/model/38347975/
41.03.yy,MOD-003,Несоответствие размера бумаги,Фактический формат не совпадает с настройкой лотка/задания,Да,Принтеры L1,,"Проверить формат и тип бумаги в лотке и драйвере, правильно выставить направляющие, повторить задание.",https://support.hp.com/gb-en/product/setup-user-guides/hp-laserjet-pro-mfp-4101-4104dw-fdn-fdw-printer-series/model/38347975/
49.xx.yy,MOD-003,Ошибка прошивки/обработки задания,"Повреждённое задание, драйвер, сеть или firmware",Да,Диагностика ПО,Плата форматтера,"Выключить, отключить сетевой/USB‑кабель, включить без задания. Очистить очередь, обновить firmware/драйвер; при повторе без сети — сервис.",https://support.hp.com/gb-en/product/setup-user-guides/hp-laserjet-pro-mfp-4101-4104dw-fdn-fdw-printer-series/model/38347975/
50.xx,MOD-003,Ошибка узла закрепления,Печка не набирает/не удерживает температуру,Нет,Принтеры L3,Узел закрепления,"Выключить принтер минимум на 30 секунд и подключить напрямую к исправной розетке. При повторе — не эксплуатировать, заменить печку после диагностики.",https://support.hp.com/gb-en/product/setup-user-guides/hp-laserjet-pro-mfp-4101-4104dw-fdn-fdw-printer-series/model/38347975/
59.xx,MOD-003,Ошибка двигателя/привода,"Заклинивание механики, двигатель или контроллер",Нет,Принтеры L2,Двигатель / привод,Удалить посторонние предметы и проверить свободный ход доступных узлов. При повторе — сервисная диагностика привода.,https://support.hp.com/gb-en/product/setup-user-guides/hp-laserjet-pro-mfp-4101-4104dw-fdn-fdw-printer-series/model/38347975/
79 Service Error,MOD-003,Критическая ошибка firmware,"Сбой задания, аксессуара или прошивки",Зависит,Диагностика ПО,Плата форматтера,"Перезапустить без сетевого кабеля/USB и без дополнительных устройств, удалить последнее задание, обновить firmware. Если повторяется автономно — сервис.",https://support.hp.com/gb-en/product/setup-user-guides/hp-laserjet-pro-mfp-4101-4104dw-fdn-fdw-printer-series/model/38347975/
10.00.10 / Supply memory error,MOD-003,Ошибка памяти расходного материала,Чип картриджа не читается или картридж установлен неверно,Зависит,Принтеры L1,Тонер-картридж,"Вынуть и установить картридж заново, осмотреть контакты. Проверить с заведомо исправным картриджем; при повторе — сервис контактов/платы.",https://support.hp.com/gb-en/product/setup-user-guides/hp-laserjet-pro-mfp-4101-4104dw-fdn-fdw-printer-series/model/38347975/
#801,MOD-004,Нет соединения с SMTP-сервером или общей папкой,Сеть недоступна либо неверны SMTP/SMB-настройки,Да,Диагностика ПО,,"Проверить сеть, адрес сервера, порт, DNS, путь к папке и настройки SMTP/SMB в Remote UI.",https://oip.manual.canon/USRMA-8699-zz-SSM-460-enGB/contents/devu-trb-errcode_dis.html
#802,MOD-004,Имя SMTP/POP3-сервера задано неверно,Ошибка имени сервера или DNS,Да,Диагностика ПО,,Исправить имя SMTP/POP3-сервера и DNS; проверить разрешение имени и повторить отправку.,https://oip.manual.canon/USRMA-8699-zz-SSM-460-enGB/contents/devu-trb-errcode_dis.html
#806,MOD-004,Ошибка имени пользователя или пароля,Неверные учётные данные для общей папки/FTP,Да,Диагностика ПО,,Повторно ввести логин/пароль и проверить права на каталог; учитывать домен и срок действия пароля.,https://oip.manual.canon/USRMA-8699-zz-SSM-460-enGB/contents/devu-trb-errcode_dis.html
#839,MOD-004,Ошибка аутентификации SMTP,Неверная SMTP AUTH-конфигурация или учётные данные,Да,Диагностика ПО,,"Сверить тип аутентификации, логин, пароль и разрешение SMTP AUTH на почтовом сервере.",https://oip.manual.canon/USRMA-8699-zz-SSM-460-enGB/contents/devu-trb-errcode_dis.html
#844 / #846,MOD-004,Ошибка защищённого соединения или аутентификации,TLS-сертификат/протокол либо параметры SMTP,Да,Диагностика ПО,,"Проверить дату/время, сертификаты, версию TLS и настройки почтового сервера; обновить сертификат/прошивку при необходимости.",https://oip.manual.canon/USRMA-8699-zz-SSM-460-enGB/contents/devu-trb-errcode_dis.html
Paper jam,MOD-004,Замятие бумаги,Лист застрял в тракте или ADF,Зависит,Принтеры L1,Ролики подачи / ADF,"Открыть указанную зону, извлечь бумагу без разрыва, проверить обрывки и направляющие; при повторе очистить ролики.",https://oip.manual.canon/USRMA-8699-zz-SSM-460-enGB/contents/devu-trb-errcode_dis.html
Memory is full,MOD-004,Недостаточно памяти для задания,Слишком большой документ/разрешение или очередь заданий,Да,Принтеры L1,,"Удалить ненужные задания, уменьшить разрешение/размер партии, разделить документ и повторить.",https://oip.manual.canon/USRMA-8699-zz-SSM-460-enGB/contents/devu-trb-errcode_dis.html
Call service C6000,MOD-005,Ошибка узла закрепления,Печка не нагревается либо перегревается,Нет,Принтеры L3,Узел закрепления,"Выключить и прекратить эксплуатацию. Проверить нагреватель, термистор, предохранитель и питание; затем выполнить сервисный сброс.",https://www.kyoceradocumentsolutions.com/support_product/model_en.html?m=117&p=21&r=1&s=7
Call service 0100,MOD-005,Ошибка резервной памяти,Flash-память или main/engine PWB,Нет,Принтеры L3,Главная плата,"Перезапустить; при повторе сохранить журнал, проверить firmware и главную плату.",https://www.kyoceradocumentsolutions.com/support_product/model_en.html?m=117&p=21&r=1&s=7
Call service 0120,MOD-005,Некорректные данные MAC-адреса,Повреждение данных flash или главной платы,Нет,Принтеры L3,Главная плата,Проверить сетевую конфигурацию и firmware; при повторе требуется восстановление данных/замена платы.,https://www.kyoceradocumentsolutions.com/support_product/model_en.html?m=117&p=21&r=1&s=7
Paper jam,MOD-005,Замятие бумаги,"Бумага, ролики, датчик или направляющие",Зависит,Принтеры L1,Ролики подачи / датчик,"Удалить лист из указанной зоны, проверить обрывки и правильность загрузки. При повторе проверить ролики и датчики.",https://www.kyoceradocumentsolutions.com/support_product/model_en.html?m=117&p=21&r=1&s=7
Add toner / Replace toner,MOD-005,Закончился тонер,Контейнер пуст или установлен неправильно,Да,Принтеры L1,Тонер-контейнер,Переустановить контейнер и при необходимости заменить на совместимый с P2040dn.,https://www.kyoceradocumentsolutions.com/support_product/model_en.html?m=117&p=21&r=1&s=7
Replace MK,MOD-005,Требуется комплект обслуживания,Достигнут ресурс maintenance kit,Нет,Принтеры L2,Maintenance Kit,Заменить комплект обслуживания и сбросить его счётчик по сервисной инструкции.,https://www.kyoceradocumentsolutions.com/support_product/model_en.html?m=117&p=21&r=1&s=7
SYM-POWER,MOD-006,Ноутбук не включается,"Разряжен аккумулятор, адаптер/порт USB-C или цепь питания",Зависит,Ноутбуки L2,Адаптер / аккумулятор / системная плата,"Подключить штатный адаптер на 30 минут, проверить индикацию и розетку, удержать питание более 10 секунд. Без реакции — сервис.",https://consumer.huawei.com/en/support/content/en-us00748230/
SYM-BLACK-HALL,MOD-006,Экран гаснет рядом с чехлом/магнитом,Магнит воздействует на датчик Холла,Да,Диагностика ПО,,Убрать магнитный чехол/предмет из-под ноутбука и проверить работу в другом месте.,https://consumer.huawei.com/en/support/content/en-us00748230/
SYM-BLACK-BOOT,MOD-006,Чёрный экран при загрузке,"Сбой Windows/видеодрайвера, дисплей или плата",Зависит,Ноутбуки L2,Дисплей / шлейф / системная плата,"Выполнить принудительное выключение, отключить периферию, проверить внешний монитор и среду восстановления. Если изображения нет нигде — сервис.",https://consumer.huawei.com/en/support/content/en-us00748230/
SYM-NO-CHARGE,MOD-006,Аккумулятор не заряжается,"Адаптер, кабель, разъём, контроллер или батарея",Зависит,Ноутбуки L2,Адаптер / аккумулятор,"Проверить штатный БП и кабель, другой порт/розетку, статус в PC Manager. При устойчивой ошибке — диагностика батареи и питания.",https://consumer.huawei.com/en/support/content/en-us00748230/
SYM-OVERHEAT,MOD-006,"Перегрев, шум вентилятора, снижение частоты","Пыль, перекрытая вентиляция, высокая нагрузка или отказ вентилятора",Зависит,Ноутбуки L2,Вентилятор / термоинтерфейс,"Поставить на твёрдую поверхность, очистить внешние решётки, проверить процессы и обновления. При шуме/остановке вентилятора — сервис.",https://consumer.huawei.com/en/support/content/en-us00748230/
SYM-WIFI,MOD-006,Wi‑Fi отсутствует или часто разрывается,"Драйвер, настройки питания, роутер или модуль",Да,Диагностика ПО,Wi‑Fi модуль,"Перезапустить роутер и ПК, забыть сеть, обновить драйвер через PC Manager; проверить другую сеть. Если адаптер не определяется — сервис.",https://consumer.huawei.com/en/support/content/en-us00748230/
SYM-POWER,MOD-007,Ноутбук не включается,"Нет питания, разряжена батарея, адаптер или системная плата",Зависит,Ноутбуки L2,Адаптер / аккумулятор / системная плата,"Проверить розетку и штатный адаптер, зарядить 30 минут, удержать кнопку питания 10–15 секунд. Без индикации — сервис.",https://www.honor.com/global/support/content/en-us15825200/
SYM-BLACK-BOOT,MOD-007,Чёрный экран при запуске,"Сбой обновления/драйвера, дисплей или системная плата",Зависит,Ноутбуки L2,Дисплей / шлейф,"Отключить периферию, выполнить принудительную перезагрузку, войти в Recovery/Safe Mode. Проверить внешний монитор.",https://www.honor.com/global/support/content/en-us15825200/
SYM-NO-CHARGE,MOD-007,Батарея не заряжается,"Блок питания, кабель USB‑C, разъём или батарея",Зависит,Ноутбуки L2,Адаптер / аккумулятор,Проверить оригинальный адаптер/кабель и температуру устройства; обновить BIOS/драйверы. При повторе — тест батареи и цепи питания.,https://www.honor.com/global/support/content/en-us15825200/
SYM-INPUT,MOD-007,Не работает клавиатура или тачпад,"Драйвер, блокировка, шлейф или залитие",Зависит,Ноутбуки L2,Клавиатура / тачпад,"Перезагрузить, проверить в BIOS и обновить драйверы. Если не работает уже в BIOS или было залитие — сервис.",https://www.honor.com/global/support/content/en-us15825200/
SYM-OVERHEAT,MOD-007,Перегрев/аварийное выключение,"Пыль, высокая нагрузка, неисправный вентилятор",Зависит,Ноутбуки L2,Вентилятор / термоинтерфейс,"Освободить вентиляцию, проверить нагрузку и режим питания. При повторном выключении или отсутствии вращения вентилятора — сервис.",https://www.honor.com/global/support/content/en-us15825200/
SYM-WIFI,MOD-007,Нет Wi‑Fi/Bluetooth,"Драйвер, авиарежим, ОС или беспроводной модуль",Да,Диагностика ПО,Wi‑Fi модуль,"Проверить авиарежим и Диспетчер устройств, обновить драйвер, выполнить сброс сети. Если модуль не виден в BIOS/ОС — сервис.",https://www.honor.com/global/support/content/en-us15825200/
PPT001,MOD-008,Аккумулятор не обнаружен,Батарея или её подключение,Нет,Ноутбуки L2,Аккумулятор,Повторить Apple Diagnostics без периферии; если код сохраняется — сервисная проверка батареи и платы.,https://support.apple.com/en-gb/102550
PPT004,MOD-008,Аккумулятор требует обслуживания,Износ или неисправность батареи,Нет,Ноутбуки L2,Аккумулятор,"Сохранить данные, проверить состояние аккумулятора в macOS и обратиться в сервис для замены.",https://support.apple.com/en-gb/102550
PPF001 / PPF003 / PPF004,MOD-008,Ошибка вентилятора,Вентилятор не вращается или работает вне нормы,Нет,Ноутбуки L2,Вентилятор / системная плата,"Выключить Mac, не нагружать устройство и передать в сервис; продолжительная работа может вызвать перегрев.",https://support.apple.com/en-gb/102550
NDC001–NDC006,MOD-008,Ошибка встроенной камеры,"Камера, шлейф или системная плата",Нет,Ноутбуки L2,Камера / дисплейный модуль,Повторить диагностику без периферии и проверить разрешения камеры. При сохранении кода — сервис.,https://support.apple.com/en-gb/102550
NDK001–NDK004,MOD-008,Ошибка клавиатуры,Клавиатура или её подключение,Нет,Ноутбуки L2,Клавиатура / Top Case,Повторить диагностику; проверить клавиши на загрязнение/залитие. При сохранении кода — сервис.,https://support.apple.com/en-gb/102550
NDR001–NDR004,MOD-008,Ошибка трекпада,"Трекпад, шлейф или аккумулятор с деформацией",Нет,Ноутбуки L2,Трекпад / Top Case,Повторить диагностику. При тугом нажатии/вздутии корпуса выключить устройство и срочно передать в сервис.,https://support.apple.com/en-gb/102550
CNW001–CNW006,MOD-008,Ошибка оборудования Wi‑Fi,Беспроводной модуль/плата,Зависит,Ноутбуки L2,Системная плата,Повторить диагностику рядом с исправной сетью; обновить macOS. Если код повторяется — сервис.,https://support.apple.com/en-gb/102550
Flashing folder ?,MOD-008,Не найден загрузочный диск или рабочая macOS,Повреждение файловой системы/ОС либо SSD,Зависит,Диагностика ПО,Системная плата / SSD,"Запустить macOS Recovery, проверить диск в Disk Utility, восстановить из резервной копии или переустановить macOS.",https://support.apple.com/en-gb/102550
Prohibitory symbol,MOD-008,Установленная macOS несовместима с Mac,Неподходящая версия/сборка macOS,Да,Диагностика ПО,,"Запустить Recovery, проверить диск и переустановить совместимую версию macOS.",https://support.apple.com/en-gb/102550
SYM-NO-POWER,MOD-009,Нет включения и индикации,"Адаптер, батарея, разъём или системная плата",Зависит,Ноутбуки L2,Адаптер / аккумулятор / системная плата,"Проверить USB‑C БП и розетку, отключить периферию, выполнить аварийный сброс через отверстие Novo/Emergency reset при наличии.",https://download.lenovo.com/pccbbs/pubs/thinkbook_16_14_g7plus/index_en.html
SYM-BLACK,MOD-009,"Питание есть, изображения нет","Сон/видеодрайвер, дисплей, RAM или плата",Зависит,Ноутбуки L2,Дисплей / шлейф / системная плата,"Увеличить яркость, выполнить Win+Ctrl+Shift+B, проверить внешний монитор и диагностику Lenovo. Если нет POST — сервис.",https://download.lenovo.com/pccbbs/pubs/thinkbook_16_14_g7plus/index_en.html
Boot device not found,MOD-009,Не найден загрузочный накопитель,"SSD не определяется, нарушен порядок загрузки или ОС",Зависит,Диагностика ПО,SSD,Проверить наличие SSD в UEFI и Boot Order. Если SSD виден — восстановить загрузчик; если не виден — сервис/замена накопителя.,https://download.lenovo.com/pccbbs/pubs/thinkbook_16_14_g7plus/index_en.html
Fan error / Thermal shutdown,MOD-009,Ошибка вентилятора или перегрев,"Пыль, отказ вентилятора, термоинтерфейс",Нет,Ноутбуки L2,Вентилятор / термоинтерфейс,"Выключить, не продолжать нагрузку. Проверить вентиляцию и вентилятор, очистить систему охлаждения.",https://download.lenovo.com/pccbbs/pubs/thinkbook_16_14_g7plus/index_en.html
SYM-NO-CHARGE,MOD-009,Аккумулятор не заряжается,"БП, режим сохранения батареи, разъём или батарея",Да,Диагностика ПО,Адаптер / аккумулятор,"Проверить Lenovo Vantage (Conservation Mode), штатный БП, кабель и BIOS/драйверы; затем аппаратная диагностика.",https://download.lenovo.com/pccbbs/pubs/thinkbook_16_14_g7plus/index_en.html
SYM-WIFI,MOD-009,Wi‑Fi не определяется,"Драйвер, авиарежим, UEFI или модуль",Да,Диагностика ПО,Wi‑Fi модуль,"Проверить авиарежим/UEFI, переустановить драйвер с Lenovo Support, выполнить сетевой сброс; если устройства нет — сервис.",https://download.lenovo.com/pccbbs/pubs/thinkbook_16_14_g7plus/index_en.html
SEL/BMC: PSU Fault,MOD-010,Отказ или потеря резервирования блока питания,"БП, кабель, ввод питания или backplane",Зависит,Серверы L2,Блок питания,"Проверить BMC/SEL и индикатор конкретного БП, оба ввода и кабели. Если fault остаётся — горячая замена по правилам модели.",https://depo.ru/products/servers
SEL/BMC: Fan Critical,MOD-010,Вентилятор остановлен или ниже порога,"Вентилятор, разъём, засорение или контроллер",Нет,Серверы L2,Модуль вентилятора,"Проверить номер вентилятора в BMC, температуру и препятствия; заменить модуль, не оставляя сервер без охлаждения.",https://depo.ru/products/servers
SEL/BMC: Temperature Critical,MOD-010,Критическая температура,"Отказ охлаждения, высокая температура в стойке или засорение",Зависит,Серверы L2,Вентилятор / радиатор,"Снизить нагрузку, проверить температуру входящего воздуха, вентиляторы и воздушный поток. При росте температуры корректно выключить.",https://depo.ru/products/servers
SEL: Memory ECC Uncorrectable,MOD-010,Неисправимая ошибка памяти,"DIMM, слот или контроллер памяти",Нет,Серверы L2,Модуль DIMM,"По SEL определить CPU/канал/DIMM, вывести узел из нагрузки, запустить диагностику и заменить модуль по матрице совместимости.",https://depo.ru/products/servers
RAID: Degraded,MOD-010,RAID-массив деградирован,Один или несколько дисков вышли из строя,Зависит,Серверы L2,HDD/SSD,"Проверить резервную копию, определить диск только средствами RAID/BMC, заменить на совместимый и контролировать rebuild. Не вынимать диски наугад.",https://depo.ru/products/servers
POST/Boot failure,MOD-010,Сервер не проходит POST или не загружает ОС,"DIMM/CPU/PCIe, boot order, RAID или firmware",Зависит,Серверы L2,Зависит от SEL/POST,"Снять POST/SEL-коды и конфигурацию, отключить недавние изменения, проверить Boot Order/RAID. Дальше действовать по РЭ точной модели.",https://depo.ru/products/servers
NIC Link Down,MOD-010,Нет линка сетевого интерфейса,"Кабель/SFP, порт коммутатора, драйвер или NIC",Да,Диагностика ПО,NIC / SFP,"Проверить физический линк, кабель/SFP и порт коммутатора, затем настройки скорости/VLAN/драйвера; переставить на заведомо исправный порт.",https://depo.ru/products/servers
SEL/BMC: PSU Fault,MOD-011,Отказ или потеря резервирования блока питания,"БП, кабель, ввод питания или backplane",Зависит,Серверы L2,Блок питания,"Проверить BMC/SEL и индикатор конкретного БП, оба ввода и кабели. Если fault остаётся — горячая замена по правилам модели.",https://yadro.com/ru/documentation/
SEL/BMC: Fan Critical,MOD-011,Вентилятор остановлен или ниже порога,"Вентилятор, разъём, засорение или контроллер",Нет,Серверы L2,Модуль вентилятора,"Проверить номер вентилятора в BMC, температуру и препятствия; заменить модуль, не оставляя сервер без охлаждения.",https://yadro.com/ru/documentation/
SEL/BMC: Temperature Critical,MOD-011,Критическая температура,"Отказ охлаждения, высокая температура в стойке или засорение",Зависит,Серверы L2,Вентилятор / радиатор,"Снизить нагрузку, проверить температуру входящего воздуха, вентиляторы и воздушный поток. При росте температуры корректно выключить.",https://yadro.com/ru/documentation/
SEL: Memory ECC Uncorrectable,MOD-011,Неисправимая ошибка памяти,"DIMM, слот или контроллер памяти",Нет,Серверы L2,Модуль DIMM,"По SEL определить CPU/канал/DIMM, вывести узел из нагрузки, запустить диагностику и заменить модуль по матрице совместимости.",https://yadro.com/ru/documentation/
RAID: Degraded,MOD-011,RAID-массив деградирован,Один или несколько дисков вышли из строя,Зависит,Серверы L2,HDD/SSD,"Проверить резервную копию, определить диск только средствами RAID/BMC, заменить на совместимый и контролировать rebuild. Не вынимать диски наугад.",https://yadro.com/ru/documentation/
POST/Boot failure,MOD-011,Сервер не проходит POST или не загружает ОС,"DIMM/CPU/PCIe, boot order, RAID или firmware",Зависит,Серверы L2,Зависит от SEL/POST,"Снять POST/SEL-коды и конфигурацию, отключить недавние изменения, проверить Boot Order/RAID. Дальше действовать по РЭ точной модели.",https://yadro.com/ru/documentation/
NIC Link Down,MOD-011,Нет линка сетевого интерфейса,"Кабель/SFP, порт коммутатора, драйвер или NIC",Да,Диагностика ПО,NIC / SFP,"Проверить физический линк, кабель/SFP и порт коммутатора, затем настройки скорости/VLAN/драйвера; переставить на заведомо исправный порт.",https://yadro.com/ru/documentation/
SYM-NO-POWER,MOD-012,Панель не включается,"Нет питания, выключен главный выключатель, БП или плата",Зависит,Интерактивные панели L2,Блок питания,"Проверить розетку, кабель, главный выключатель и индикатор; отключить на 1 минуту. Без индикации — сервис.",https://www.citilink.ru/product/panel-interakt-nextouch-nextpanel-75-ifpcv1int75-75-ir-android-8-0-4k-1774416/documents/
SYM-NO-SIGNAL,MOD-012,Нет изображения / No signal,"Выбран неверный вход, кабель/источник неактивен",Да,Диагностика ПО,HDMI/USB-C кабель,"Выбрать правильный Source, проверить другой кабель и вход, включить дублирование экрана и поддерживаемое разрешение.",https://www.citilink.ru/product/panel-interakt-nextouch-nextpanel-75-ifpcv1int75-75-ir-android-8-0-4k-1774416/documents/
SYM-NO-TOUCH,MOD-012,"Изображение есть, касания не работают","Не подключён USB Touch, драйвер, источник или сенсор",Зависит,Интерактивные панели L2,USB-кабель / сенсорный модуль,"Для внешнего ПК подключить USB Touch к тому же источнику, сменить порт/кабель, перезапустить панель. Проверить касания в Android.",https://www.citilink.ru/product/panel-interakt-nextouch-nextpanel-75-ifpcv1int75-75-ir-android-8-0-4k-1774416/documents/
SYM-TOUCH-OFFSET,MOD-012,Касание смещено или срабатывает неверно,"Нужна калибровка, масштабирование ОС или загрязнение рамки",Да,Диагностика ПО,ИК-рамка / сенсор,"Очистить рамку, установить масштаб 100% и штатное разрешение, выполнить калибровку. При локальной мёртвой зоне — сервис.",https://www.citilink.ru/product/panel-interakt-nextouch-nextpanel-75-ifpcv1int75-75-ir-android-8-0-4k-1774416/documents/
SYM-NO-SOUND,MOD-012,Нет звука,"Mute, выбран другой выход, кабель или динамики",Да,Диагностика ПО,Динамики / аудиоплата,"Снять mute на панели и ПК, выбрать панель как HDMI/USB‑C output, проверить громкость и другой источник.",https://www.citilink.ru/product/panel-interakt-nextouch-nextpanel-75-ifpcv1int75-75-ir-android-8-0-4k-1774416/documents/
SYM-OPS-BOOT,MOD-012,OPS-модуль не загружается/не определяется,"Питание OPS, неплотная установка, SSD/RAM или ОС",Зависит,Интерактивные панели L2,OPS-модуль / SSD / RAM,"Выключить и обесточить панель, переустановить OPS по инструкции; проверить выбранный источник. Затем диагностика SSD/RAM/ОС.",https://www.citilink.ru/product/panel-interakt-nextouch-nextpanel-75-ifpcv1int75-75-ir-android-8-0-4k-1774416/documents/
SYM-WIFI,MOD-012,Нет сети/Wi‑Fi,"Антенны, настройки, время, DHCP или модуль",Да,Диагностика ПО,Wi‑Fi модуль / антенны,"Проверить антенны, SSID/пароль, DHCP, дату/время и другую сеть; обновить firmware. Если адаптер отсутствует — сервис.",https://www.citilink.ru/product/panel-interakt-nextouch-nextpanel-75-ifpcv1int75-75-ir-android-8-0-4k-1774416/documents/
SYM-NO-POWER,MOD-013,Панель не включается,"Нет питания, выключен главный выключатель, БП или плата",Зависит,Интерактивные панели L2,Блок питания,"Проверить розетку, кабель, главный выключатель и индикатор; отключить на 1 минуту. Без индикации — сервис.",https://www.foroffice.ru/products/description/209666.html
SYM-NO-SIGNAL,MOD-013,Нет изображения / No signal,"Выбран неверный вход, кабель/источник неактивен",Да,Диагностика ПО,HDMI/USB-C кабель,"Выбрать правильный Source, проверить другой кабель и вход, включить дублирование экрана и поддерживаемое разрешение.",https://www.foroffice.ru/products/description/209666.html
SYM-NO-TOUCH,MOD-013,"Изображение есть, касания не работают","Не подключён USB Touch, драйвер, источник или сенсор",Зависит,Интерактивные панели L2,USB-кабель / сенсорный модуль,"Для внешнего ПК подключить USB Touch к тому же источнику, сменить порт/кабель, перезапустить панель. Проверить касания в Android.",https://www.foroffice.ru/products/description/209666.html
SYM-TOUCH-OFFSET,MOD-013,Касание смещено или срабатывает неверно,"Нужна калибровка, масштабирование ОС или загрязнение рамки",Да,Диагностика ПО,ИК-рамка / сенсор,"Очистить рамку, установить масштаб 100% и штатное разрешение, выполнить калибровку. При локальной мёртвой зоне — сервис.",https://www.foroffice.ru/products/description/209666.html
SYM-NO-SOUND,MOD-013,Нет звука,"Mute, выбран другой выход, кабель или динамики",Да,Диагностика ПО,Динамики / аудиоплата,"Снять mute на панели и ПК, выбрать панель как HDMI/USB‑C output, проверить громкость и другой источник.",https://www.foroffice.ru/products/description/209666.html
SYM-OPS-BOOT,MOD-013,OPS-модуль не загружается/не определяется,"Питание OPS, неплотная установка, SSD/RAM или ОС",Зависит,Интерактивные панели L2,OPS-модуль / SSD / RAM,"Выключить и обесточить панель, переустановить OPS по инструкции; проверить выбранный источник. Затем диагностика SSD/RAM/ОС.",https://www.foroffice.ru/products/description/209666.html
SYM-WIFI,MOD-013,Нет сети/Wi‑Fi,"Антенны, настройки, время, DHCP или модуль",Да,Диагностика ПО,Wi‑Fi модуль / антенны,"Проверить антенны, SSID/пароль, DHCP, дату/время и другую сеть; обновить firmware. Если адаптер отсутствует — сервис.",https://www.foroffice.ru/products/description/209666.html
SYM-NO-POWER,MOD-014,Панель не включается,"Нет питания, выключен главный выключатель, БП или плата",Зависит,Интерактивные панели L2,Блок питания,"Проверить розетку, кабель, главный выключатель и индикатор; отключить на 1 минуту. Без индикации — сервис.",https://newlineinteractive.freshdesk.com/support/solutions/articles/8000104219-z-series
SYM-NO-SIGNAL,MOD-014,Нет изображения / No signal,"Выбран неверный вход, кабель/источник неактивен",Да,Диагностика ПО,HDMI/USB-C кабель,"Выбрать правильный Source, проверить другой кабель и вход, включить дублирование экрана и поддерживаемое разрешение.",https://newlineinteractive.freshdesk.com/support/solutions/articles/8000104219-z-series
SYM-NO-TOUCH,MOD-014,"Изображение есть, касания не работают","Не подключён USB Touch, драйвер, источник или сенсор",Зависит,Интерактивные панели L2,USB-кабель / сенсорный модуль,"Для внешнего ПК подключить USB Touch к тому же источнику, сменить порт/кабель, перезапустить панель. Проверить касания в Android.",https://newlineinteractive.freshdesk.com/support/solutions/articles/8000104219-z-series
SYM-TOUCH-OFFSET,MOD-014,Касание смещено или срабатывает неверно,"Нужна калибровка, масштабирование ОС или загрязнение рамки",Да,Диагностика ПО,ИК-рамка / сенсор,"Очистить рамку, установить масштаб 100% и штатное разрешение, выполнить калибровку. При локальной мёртвой зоне — сервис.",https://newlineinteractive.freshdesk.com/support/solutions/articles/8000104219-z-series
SYM-NO-SOUND,MOD-014,Нет звука,"Mute, выбран другой выход, кабель или динамики",Да,Диагностика ПО,Динамики / аудиоплата,"Снять mute на панели и ПК, выбрать панель как HDMI/USB‑C output, проверить громкость и другой источник.",https://newlineinteractive.freshdesk.com/support/solutions/articles/8000104219-z-series
SYM-OPS-BOOT,MOD-014,OPS-модуль не загружается/не определяется,"Питание OPS, неплотная установка, SSD/RAM или ОС",Зависит,Интерактивные панели L2,OPS-модуль / SSD / RAM,"Выключить и обесточить панель, переустановить OPS по инструкции; проверить выбранный источник. Затем диагностика SSD/RAM/ОС.",https://newlineinteractive.freshdesk.com/support/solutions/articles/8000104219-z-series
SYM-WIFI,MOD-014,Нет сети/Wi‑Fi,"Антенны, настройки, время, DHCP или модуль",Да,Диагностика ПО,Wi‑Fi модуль / антенны,"Проверить антенны, SSID/пароль, DHCP, дату/время и другую сеть; обновить firmware. Если адаптер отсутствует — сервис.",https://newlineinteractive.freshdesk.com/support/solutions/articles/8000104219-z-series
SYM-NO-POWER,MOD-015,Сканер не включается,"Питание, аварийный выключатель, БП или плата",Зависит,Сканеры L2,Блок питания,Проверить питание и органы включения по РЭ поставки. Не вскрывать; при отсутствии индикации зарегистрировать обращение в ЭЛАР.,https://elar.ru/press-center/news/elar-predstavlyaet-skamaks-1000-2000-rossiyskiy-potokovyy-skaner-dlya-vysokoproizvoditelnoy-otsifrov/
SYM-JAM,MOD-015,Замятие документа,"Перекос, скрепка/скоба, неподходящая бумага или тракт",Зависит,Сканеры L2,Ролики / датчики тракта,"Остановить подачу, открыть тракт только по РЭ, удалить документ по ходу движения, проверить повреждения и посторонние предметы.",https://elar.ru/press-center/news/elar-predstavlyaet-skamaks-1000-2000-rossiyskiy-potokovyy-skaner-dlya-vysokoproizvoditelnoy-otsifrov/
SYM-MULTIFEED,MOD-015,Захват нескольких листов,"Слипшиеся листы, износ роликов/разделителя или неверный профиль",Зависит,Сканеры L2,Ролики / разделитель,"Распушить пачку, удалить скрепки, выровнять направляющие, очистить ролики; при повторе заменить расходники подачи.",https://elar.ru/press-center/news/elar-predstavlyaet-skamaks-1000-2000-rossiyskiy-potokovyy-skaner-dlya-vysokoproizvoditelnoy-otsifrov/
SYM-IMAGE-LINES,MOD-015,Полосы/загрязнение изображения,"Пыль на оптике, загрязнение стекла или дефект сенсора",Зависит,Сканеры L2,Сканирующий модуль,"Очистить доступные стекла рекомендованным материалом, выполнить калибровку; при неизменной полосе — сервис.",https://elar.ru/press-center/news/elar-predstavlyaet-skamaks-1000-2000-rossiyskiy-potokovyy-skaner-dlya-vysokoproizvoditelnoy-otsifrov/
SYM-CONNECTION,MOD-015,ПО не видит сканер,"Сеть/USB, служба, драйвер или IP-конфликт",Да,Диагностика ПО,Сетевой модуль / кабель,"Проверить физический линк/IP, доступность узла, службу и версию ПО СканИмидж; перезапустить в установленном порядке.",https://elar.ru/press-center/news/elar-predstavlyaet-skamaks-1000-2000-rossiyskiy-potokovyy-skaner-dlya-vysokoproizvoditelnoy-otsifrov/
SYM-CALIBRATION,MOD-015,Ошибка калибровки/нестабильный цвет,"Загрязнён эталон, неверный лист или оптический блок",Зависит,Сканеры L2,Калибровочный лист / оптический блок,"Очистить оптический тракт, использовать штатный калибровочный материал и повторить процедуру; затем сервисная диагностика.",https://elar.ru/press-center/news/elar-predstavlyaet-skamaks-1000-2000-rossiyskiy-potokovyy-skaner-dlya-vysokoproizvoditelnoy-otsifrov/
2013,MOD-016,Paper Jam (Pick Up),"Замятие на захвате, ролики или датчик",Зависит,Сканеры L2,ADF roller / sensor board,"Открыть крышку ADF, удалить бумагу, очистить ролики. При повторе проверить датчик и ролики подачи.",https://www.avision.com/en/FAQs/
2014,MOD-016,ADF Cover Open,Крышка ADF закрыта неплотно или датчик крышки,Да,Сканеры L2,Датчик крышки,Открыть и плотно закрыть верхний блок без зазора; убрать препятствия. При повторе проверить датчик.,https://www.avision.com/en/FAQs/
3101,MOD-016,Multi-Feed Error,Одновременно подано несколько листов,Зависит,Сканеры L2,Reverse roller / pad,"Удалить листы, распушить пачку, очистить ролики и проверить настройку multifeed; при повторах заменить ролик/разделитель.",https://www.avision.com/en/FAQs/
3205,MOD-016,Paper Jam (Paper Path),Бумага застряла в тракте,Зависит,Сканеры L2,Ролики / датчик тракта,"Открыть верхний блок, удалить бумагу, очистить ролики; проверить путь листа и состояние датчиков.",https://www.avision.com/en/FAQs/
2024,MOD-016,NVRAM R/W Test Error,Ошибка чтения/записи энергонезависимой памяти,Нет,Сканеры L2,Главная плата,Выключить и включить. Если код повторяется — зафиксировать серийный номер и обратиться в сервис Avision.,https://www.avision.com/en/FAQs/
3003,MOD-016,DRAM R/W Test Error,Ошибка оперативной памяти контроллера,Нет,Сканеры L2,Главная плата,Перезапустить сканер. При повторе — сервисная диагностика/замена главной платы.,https://www.avision.com/en/FAQs/
2037,MOD-016,ADF Front/Rear AFE R/W Test Error,"CIS, bridge board или main board",Нет,Сканеры L2,CIS / bridge board / main board,"Перезапустить. При повторе сервис последовательно проверяет CIS, bridge board и главную плату.",https://www.avision.com/en/FAQs/
3006,MOD-016,Lamp Error (Upper Optical Unit),Верхний CIS/оптический блок или плата,Нет,Сканеры L2,Верхний CIS / bridge board,Перезапустить; при повторе проверить соединения оптического блока и заменить дефектный модуль.,https://www.avision.com/en/FAQs/
SYM-CAMERA-NOT-FOUND,MOD-017,Камера не определяется,"USB/VCH-кабель, питание, порт, firmware или камера",Зависит,ВКС L2,Камера / кабель,"Проверить питание и кабели, подключить напрямую без хаба, открыть Yealink RoomConnect и проверить обнаружение/firmware.",https://support.yealink.com/document-detail/7bab9c265b38416eb9527a3e48841180
SYM-NO-VIDEO,MOD-017,Нет изображения или чёрный кадр,"Закрыта шторка, камера занята, неверный источник или кабель",Да,Диагностика ПО,Камера / кабель,"Открыть privacy shutter, выбрать Yealink Camera в приложении, закрыть другие приложения и переподключить кабель.",https://support.yealink.com/document-detail/7bab9c265b38416eb9527a3e48841180
SYM-NO-AUDIO,MOD-017,Не работает микрофон/динамик,"Mute, неверное устройство, кабель или CP50/аудиомодуль",Да,Диагностика ПО,CP50 / микрофон / кабель,"Снять mute, выбрать CP50/встроенное аудио как input/output, проверить уровни и прямое подключение.",https://support.yealink.com/document-detail/7bab9c265b38416eb9527a3e48841180
SYM-ECHO-NOISE,MOD-017,"Эхо, шум или обрывы речи","Два активных аудиотракта, акустика комнаты или сеть",Да,Диагностика ПО,Спикерфон / микрофон,"Оставить один микрофон и один выход звука, уменьшить громкость, включить echo/noise cancellation, проверить сеть.",https://support.yealink.com/document-detail/7bab9c265b38416eb9527a3e48841180
SYM-NETWORK,MOD-017,Нет сети/регистрации,"DHCP/DNS/VLAN, firewall, сертификат или учётные данные",Да,Диагностика ПО,Сетевой модуль,"Проверить IP, gateway, DNS, время, VLAN и доступ к платформе; сверить учётные данные и сертификаты.",https://support.yealink.com/document-detail/7bab9c265b38416eb9527a3e48841180
SYM-UPGRADE,MOD-017,Ошибка обновления firmware,"Неверный пакет, потеря сети/питания или несовместимые версии компонентов",Зависит,ВКС L2,,"Не отключать питание; проверить совместимость пакета и текущих версий, повторить по официальной процедуре. При boot loop — сервис.",https://support.yealink.com/document-detail/7bab9c265b38416eb9527a3e48841180
SYM-CAMERA-NOT-FOUND,MOD-018,Камера не определяется,"USB/VCH-кабель, питание, порт, firmware или камера",Зависит,ВКС L2,Камера / кабель,"Проверить питание и кабели, подключить напрямую без хаба, открыть Yealink RoomConnect и проверить обнаружение/firmware.",https://support.yealink.com/
SYM-NO-VIDEO,MOD-018,Нет изображения или чёрный кадр,"Закрыта шторка, камера занята, неверный источник или кабель",Да,Диагностика ПО,Камера / кабель,"Открыть privacy shutter, выбрать Yealink Camera в приложении, закрыть другие приложения и переподключить кабель.",https://support.yealink.com/
SYM-NO-AUDIO,MOD-018,Не работает микрофон/динамик,"Mute, неверное устройство, кабель или CP50/аудиомодуль",Да,Диагностика ПО,CP50 / микрофон / кабель,"Снять mute, выбрать CP50/встроенное аудио как input/output, проверить уровни и прямое подключение.",https://support.yealink.com/
SYM-ECHO-NOISE,MOD-018,"Эхо, шум или обрывы речи","Два активных аудиотракта, акустика комнаты или сеть",Да,Диагностика ПО,Спикерфон / микрофон,"Оставить один микрофон и один выход звука, уменьшить громкость, включить echo/noise cancellation, проверить сеть.",https://support.yealink.com/
SYM-NETWORK,MOD-018,Нет сети/регистрации,"DHCP/DNS/VLAN, firewall, сертификат или учётные данные",Да,Диагностика ПО,Сетевой модуль,"Проверить IP, gateway, DNS, время, VLAN и доступ к платформе; сверить учётные данные и сертификаты.",https://support.yealink.com/
SYM-UPGRADE,MOD-018,Ошибка обновления firmware,"Неверный пакет, потеря сети/питания или несовместимые версии компонентов",Зависит,ВКС L2,,"Не отключать питание; проверить совместимость пакета и текущих версий, повторить по официальной процедуре. При boot loop — сервис.",https://support.yealink.com/
Unable to connect to server,MOD-019,Клиент не подключается к TrueConf Server,"Порт блокирует firewall/антивирус, DNS/NAT или неверный адрес",Да,Диагностика ПО,,"Проверить адрес и порт сервера, DNS, доступность TCP-порта и правила firewall/proxy; при нестандартном порте указать address:port.",https://trueconf.com/support.html
Camera/microphone not working,MOD-019,Нет камеры или микрофона,"Устройство занято, нет разрешения, USB-хаб или неверный выбор",Да,Диагностика ПО,Камера / микрофон,"Переподключить напрямую, разрешить доступ в ОС, закрыть другие приложения и выбрать устройство в настройках TrueConf.",https://trueconf.com/support.html
Server does not launch,MOD-019,TrueConf Server не запускается,"Регистрация, лицензия, сеть или служба/БД",Зависит,Диагностика ПО,,"Проверить статус службы, Server Log, регистрацию и срок лицензии; для Free — доступ к серверу регистрации и TCP 4310.",https://trueconf.com/support.html
Invalid username or password,MOD-019,Нет доступа к панели управления,Неверные данные или пользователь не в группе администраторов,Да,Диагностика ПО,,Проверить учётные данные и членство ОС-пользователя в TrueConf Server Admin/tcadmins.,https://trueconf.com/support.html
NET::ERR_CERT_AUTHORITY_INVALID,MOD-019,Браузер не доверяет HTTPS-сертификату,"Сертификат истёк, не соответствует имени или не перенесён",Да,Диагностика ПО,,"Проверить FQDN, цепочку и срок сертификата, дату/время; установить корректный сертификат и перезапустить веб-службу.",https://trueconf.com/support.html
Presentation not displayed,MOD-019,Участникам не видна презентация,Нет HTTPS-связи/закрыт порт или неверный источник контента,Да,Диагностика ПО,,Проверить HTTPS между участниками и сервером (обычно TCP 443) и источник контента в настройках комнаты.,https://trueconf.com/support.html
SYM-LOGIN,MOD-020,Не удаётся войти в IVA Connect/WEB,"Неверный адрес сервера, пароль, учётная запись или SSO/LDAP",Да,Диагностика ПО,,"Проверить URL/FQDN, учётную запись и время; сверить LDAP/SSO и журнал аутентификации IVA MCU.",https://iva.ru/docs/index.html
SYM-CONNECTION,MOD-020,Нет подключения к IVA MCU,"DNS, маршрутизация, firewall/proxy или недоступность сервиса",Да,Диагностика ПО,,"Проверить разрешение имени, HTTPS-доступ, маршрутизацию и опубликованные порты; затем состояние сервисов на сервере.",https://iva.ru/docs/index.html
SYM-CAMERA-MIC,MOD-020,Камера или микрофон недоступны,"Нет разрешения браузера/ОС, устройство занято или выбрано неверно",Да,Диагностика ПО,Камера / микрофон,"Разрешить доступ в браузере/ОС, закрыть другие приложения, выбрать правильное устройство и повторно войти в конференцию.",https://iva.ru/docs/index.html
SYM-NO-MEDIA,MOD-020,"Подключение есть, но нет аудио/видео","Медиа-порты/ICE заблокированы, NAT или низкая полоса",Да,Диагностика ПО,,"Проверить сетевые требования версии IVA MCU, NAT/firewall, потери и доступную полосу; собрать клиентские и серверные логи.",https://iva.ru/docs/index.html
SYM-SERVER-SERVICE,MOD-020,Платформа/отдельный сервис недоступен,"Сервис остановлен, ресурсы исчерпаны, хранилище заполнено",Зависит,Диагностика ПО,Диск / серверный компонент,"Проверить мониторинг, место на диске, CPU/RAM и состояние сервисов; безопасно перезапустить только по руководству администратора.",https://iva.ru/docs/index.html
SYM-RECORDING,MOD-020,Не начинается или не сохраняется запись,"Нет места, прав или недоступно хранилище",Да,Диагностика ПО,Накопитель,"Проверить свободное место, квоты, права и доступность каталога/хранилища; затем журналы подсистемы записи.",https://iva.ru/docs/index.html
